Player;Position;Minutes played;Assists per 90;xA per 90;Key passes per 90;Passes per 90;Accurate passes, %;Progressive passes per 90;Accurate progressive passes, %;Accurate passes to final third, %;Dribbles per 90;Successful dribbles, %;Offensive duels won, %;Defensive duels won, %;PAdj Sliding tackles;PAdj Interceptions
T. Parrott;AMF;1274;0.14;0.16;0.71;34.54;81.39;3.04;83.72;70.45;4.73;43.28;32.18;58.82;0.26;2.64
B. Celina;AMF;839;0.32;0.27;0.86;42.05;77.3;4.29;80;64.44;4.61;39.53;32.39;43.14;0;2.63
E. Robson;LCMF;1379;0.07;0.05;0.2;52.02;88.08;6.92;67.92;79.2;1.57;54.17;47.83;64.38;1.15;4.5
A. Pritchard;AMF;1172;0.46;0.28;0.69;37.09;78.67;5.53;75;61.82;4.68;42.62;34.38;66.67;0.82;2.59
H. Arter;RDMF;317;0;0.07;0.28;42.02;87.16;4.54;93.75;54.17;0.57;50;40;68.97;4.11;5.34
M. Bonne;CF;2057;0.04;0.02;0.13;11.68;59.55;1.31;63.33;41.38;1.27;34.48;18.85;48.33;0.14;2.15
D. Mayor;LCMF;735;0;0.15;0.37;35.02;81.12;5.76;74.47;75;6.24;70.59;50;64.52;0.19;4.37
M. Romeo;RWB;1707;0;0.03;0.16;32.69;77.42;7.33;80.58;69.14;3.32;55.56;48.41;57.32;0.73;7.66
L. Dajaku;RAMF;875;0.31;0.19;0.93;30.03;73.63;5.66;76.36;37.04;8.02;51.28;40.8;62.16;0;4.48
R. Broom;LCMF;1758;0.2;0.14;0.46;33.02;81.86;5.27;80.58;68.18;4.56;44.94;37.79;57.02;0.38;3.63
B. Bannan;DMF;2224;0.12;0.17;0.36;46.13;82.81;10.12;77.6;63.48;2.63;60;45.71;70.93;1.35;4.06
C. Paterson;CF;1551;0.12;0.12;0.46;19.85;61.99;3.89;76.12;46.58;1.51;46.15;34.48;51.56;0.44;4.69
L. O'Neil;LCMF;962;0;0.01;0;25.63;82.12;2.81;70;70.83;0.28;66.67;48;54.9;0.24;6.4
D. Iorfa;RCB;1377;0;0;0;36.54;83.54;6.27;62.5;62.69;0.2;33.33;44;80;0.6;7.77
D. N'Lundulu;CF;767;0;0;0;14.78;82.54;0.7;50;60;3.4;44.83;26.27;21.43;0;2.57
J. McClean;LAMF;1478;0.18;0.16;0.73;29.35;71.78;6.03;68.69;63.08;5.24;67.44;53.24;53.77;0.2;6.18
J. Hunt;RWB;1656;0.11;0.13;0.6;38.04;71.43;12.07;77.03;54.78;3.37;58.06;52.58;61.82;0.66;5.97
S. Morsy;LDMF;1560;0.12;0.05;0.29;50.54;89.16;6.75;76.92;77.14;1.5;61.54;41.94;60.47;0.99;4.87
M. Johnson;LCB;1545;0.06;0.05;0.35;38.85;69.27;10.95;70.21;51.08;2.56;59.09;54.12;66.67;0.44;6.62
S. Berahino;CF;709;0;0.04;0.13;17.14;74.07;1.27;60;33.33;1.27;60;12.05;65;0.4;1.8
S. Cosgrove;CF;882;0;0.07;0.51;16.02;72.61;1.02;80;40;1.43;28.57;24.42;33.33;0.68;2.84
S. Vokes;CF;2023;0.13;0.05;0.22;13.26;57.05;1.56;68.57;43.48;0.49;72.73;30.48;53.57;0.06;1.09
J. Leko;CF;1008;0.27;0.19;1.07;18.75;72.38;3.75;78.57;71.43;10;60.71;42.47;49.09;0.27;3.45
H. Coulson;LB;379;0.24;0.16;0.71;36.33;77.12;7.36;64.52;33.33;5.22;63.64;55.56;67.5;1.35;11.12
L. Evans;RDMF;2006;0.09;0.09;0.13;47.38;82.01;6.91;75.97;59.81;0.9;35;36.76;46.62;0.52;7.8
H. Biggins;LCMF;1708;0.05;0.05;0.11;29.4;84.41;4;73.68;60.71;1.79;52.94;42.59;54.32;0.5;4.56
G. Byers;DMF;317;0;0.1;0.28;47.41;85.63;7.67;88.89;69.57;1.14;25;30.77;51.72;2.21;5.29
P. Dahlberg;GK;1672;0;0;0;17.55;82.21;6.46;78.33;62.9;0;0;100;66.67;0;2.4
W. Grigg;CF;664;0;0.1;0.41;14.77;67.89;1.08;50;66.67;1.22;44.44;29.31;50;0.45;2.93
D. Barlaser;DMF;1934;0.19;0.12;0.37;37.69;75.56;9.17;79.19;64.22;1.16;60;55.93;63.22;0.69;8.07
K. Edwards;LAMF;1002;0;0.08;0.27;26.95;78.67;4.13;73.91;72.73;9.7;63.89;48.68;64.29;0.3;5.22
C. Chaplin;AMF;958;0.19;0.1;0.38;28.28;80.4;2.16;91.3;52.38;1.5;50;44.44;61.54;0.67;3.02
T. Corbeanu;LWB;757;0.24;0.19;0.71;27.11;73.25;6.06;86.27;72.22;13.91;63.25;58.39;60.47;0.2;3.24
B. Peacock-Farrell;GK;2086;0;0;0;20.67;88.31;5.91;88.32;64.29;0;0;100;100;0;2.23
D. Crowley;AMF;796;0;0.14;0.79;41.83;87.3;6.22;87.27;82;6.11;57.41;46.88;63.46;0.18;2.12
D. Jebbison;CF;860;0;0.05;0.42;12.98;72.58;1.36;92.31;100;3.03;55.17;28.43;62.5;0.29;2.45
E. Galbraith;LDMF;1881;0.1;0.08;0.29;38.66;77.72;9;77.13;59.47;2.06;58.14;44.04;60.63;0.66;4.19
D. Kasumu;LCMF;731;0;0.01;0.12;39.27;84.64;5.42;52.27;80.65;2.59;57.14;56.25;77.27;1.07;4.44
A. McCalmont;LCMF;1446;0.06;0.07;0.06;31.06;79.76;4.92;67.09;63.77;1.24;30;31.82;57.58;0.15;4.13
C. Gunter;LB;1304;0.07;0.02;0.28;28.71;72.36;7.87;70.18;48.96;1.31;52.63;56.67;57.78;0.1;5.77
G. Edwards;LAMF;402;0;0.03;0;25.07;59.82;4.93;50;25;4.25;52.63;36.36;63.46;0;8.25
J. Stockley;CF;1574;0;0.14;0.4;17.95;69.11;2.46;69.77;55;0.69;33.33;23.53;57.14;0.27;4.63
C. Walton;GK;1171;0;0;0;19.37;83.73;8.53;84.68;65.38;0;0;100;0;0;3.66
B. Wright;RB;1341;0.07;0.03;0.13;44.77;78.56;9.93;64.86;53.93;0.4;50;40;72.73;0.39;8.83
C. Dunkley;CB;1331;0;0.03;0.07;26.17;74.94;6.02;50.56;37.21;0.27;75;55;67.31;0.33;7.91
L. Bridcutt;DMF;1115;0.08;0.03;0.24;50.77;84.9;8.48;73.33;60.95;1.21;66.67;50.85;61.9;0.88;6.57
E. Bishop;DMF;1386;0;0.04;0;41.49;84.04;4.94;81.58;60;4.68;61.11;55.15;55.22;1;4.36
L. Palmer;LB;2273;0.08;0.04;0.28;36.63;79.57;10.18;74.32;63.41;0.87;63.64;44.44;63.33;0.06;6.75
M. Jacobs;LW;252;0;0.08;0.36;35;75.51;5;78.57;53.85;5.71;56.25;50;70.59;0;3.83
G. Hirst;CF;742;0.12;0.1;0.49;12.01;66.67;1.46;58.33;33.33;2.06;70.59;33.77;69.23;0.22;3.58
M. Butcher;LCMF;1461;0;0.02;0.12;26.43;79.95;4.62;77.33;62.35;1.66;29.63;27.38;61.54;0.39;4.24
G. Thomason;LCMF;610;0;0.1;0.3;29.8;82.18;4.28;68.97;70.97;0.89;66.67;30.43;46.51;0.26;4.87
B. Purrington;LWB;1252;0;0.05;0.36;32.71;75.16;7.69;73.83;60.22;2.3;50;41.07;66.02;0.67;6.63
G. Whyte;LW;1480;0.24;0.24;1.03;28.58;83.62;2.68;79.55;81.48;4.56;68;50.83;53.85;0.41;4.1
E. Kachunga;RWF;1424;0.13;0.19;0.57;22.44;79.44;2.53;70;60;3.03;60.42;39.53;51.43;0.1;2.93
C. Borthwick-Jackson;LCB;1411;0;0.01;0.13;30.87;73.97;7.78;70.49;60.82;1.34;47.62;37.5;57.14;0.87;6.87
A. McGeady;LAMF;1050;0.34;0.36;1.03;28.37;76.13;6.43;86.67;71.79;5.31;67.74;46.49;53.06;0.72;1.33
E. Moore;RCB;1651;0;0.01;0.05;51.73;88.41;8.29;74.34;59.3;0.44;62.5;47.62;68.24;0.51;7.97
O. Finney;LCMF;1060;0.08;0.06;0.25;23.69;77.78;3.57;66.67;73.08;1.27;40;28.57;69.05;0.52;2.6
J. Cousins;LDMF;931;0;0.01;0.19;36.83;85.83;5.03;71.15;59.62;0.29;66.67;69.23;60.38;0.16;6.1
T. Bayliss;LDMF;491;0.18;0.03;0.55;46.01;85.26;4.77;69.23;62.16;1.47;100;60;55.88;1.53;3.37
P. Souaré;LB;663;0;0.05;0.14;31.9;79.57;5.84;58.14;72.41;0.95;71.43;40.91;54.29;1.01;5.84
H. Kane;DMF;1491;0.18;0.12;0.36;55.11;80.72;9.78;69.75;57.81;1.21;45;42.11;56.52;1.48;8.86
M. Smith;CF;2213;0.16;0.15;0.49;21.55;65.09;2.68;80.3;50;1.99;59.18;31.17;47;0.77;2.63
E. Lee;LCMF;1583;0.23;0.23;0.4;30.47;78.73;5.34;77.66;75.95;4.83;48.24;37.88;52.94;0.61;3.49
A. Matthews;RB;993;0;0.07;0.36;34.71;82.25;8.25;86.81;67.65;1.09;50;39.29;66.67;0.38;5.23
T. Edun;LB;395;0.23;0.16;1.14;43.52;69.11;9.8;55.81;55.56;4.33;73.68;61.76;55.26;0.33;5.6
M. Power;RB;1864;0.24;0.23;0.53;54.32;78.76;14.29;83.45;60.07;1.74;63.89;53.25;55.32;0.81;5.27
W. Keane;AMF;1980;0.18;0.06;0.32;27.32;85.36;1.73;57.89;75;1.45;43.75;32.81;46.9;0.52;4.59
J. Jones;LAMF;327;0;0.13;0.55;23.39;61.18;3.85;42.86;75;9.63;60;56.25;38.1;0.45;3.58
L. Gooch;RAMF;1613;0.22;0.18;0.95;30.91;70.58;8.15;74.66;62.07;7.09;64.57;47.96;61.16;0.32;4.52
R. Hoffmann;GK;1862;0;0;0;21.27;91.59;3.58;72.97;41.67;0;0;66.67;0;0;2.27
S. Aluko;RAMF;847;0;0.09;0.21;35.28;84.34;3.61;70.59;59.46;5.63;56.6;34.35;52.46;0.88;5.65
T. Nsiala;RCB;928;0;0;0;35.01;78.12;7.56;65.38;38.78;0.19;100;44.44;79.45;0.32;6.29
D. Davis;DMF;1836;0;0.01;0.05;28.38;81.87;4.51;59.78;70.24;0.59;66.67;35.82;61.87;0.84;6.43
S. Hutchinson;LCB;771;0;0;0;44.24;89.97;7.12;70.49;77.78;0.35;66.67;42.86;71.43;1.47;8.83
M. Pennington;RCB;2385;0;0.03;0.11;30.68;75.52;9.17;69.96;55.11;0.53;78.57;62.16;62.58;0.56;6.21
G. Bazunu;GK;2064;0;0;0;27.3;84.35;10.64;81.56;65.82;0;0;50;50;0;3.06
K. Freeman;RCB;1550;0;0.02;0.12;43.43;83.29;9.64;71.69;69.64;0.64;54.55;43.14;72.22;0.75;5.31
M. Eisa;CF;1190;0;0.04;0.15;11.8;89.1;0.53;71.43;91.67;2.65;48.57;28.57;62.16;0;0.96
L. Leahy;LCMF;2394;0.15;0.16;0.3;31.13;70.05;7.33;76.92;48.77;0.49;53.85;51.85;68.32;0.86;7.43
M. Taylor;CF;1906;0.05;0.09;0.38;18.08;73.11;1.7;69.44;66.67;1.65;62.86;33.33;55.32;0.3;2.88
O. Bogle;CF;211;0;0;0;14.5;64.71;0.43;0;60;1.28;66.67;26.92;60;0;0.7
F. Ladapo;CF;1415;0.13;0.12;0.45;11.89;75.94;1.08;52.94;62.5;2.48;51.28;29.94;57.45;0.11;1.91
J. Brayford;RB;978;0;0;0;26.6;72.32;7.91;68.6;57.35;0.18;50;55.56;56.67;0.74;5.19
L. Murphy;DMF;1823;0;0.04;0.2;43.99;80.02;8.59;65.52;57.53;1.09;54.55;41.18;61.24;0.88;8.26
C. Washington;CF;1492;0.12;0.09;0.48;15.92;76.52;1.93;81.25;72.22;3.74;41.94;27.85;38;0;0.89
F. Kamberi;CF;834;0;0.02;0.32;18.88;70.86;1.83;64.71;73.33;3.45;40.63;18.38;54.72;0.18;3.77
E. Doyle;CF;1748;0.05;0.04;0.26;10.92;66.98;1.49;65.52;52;1.65;53.13;38.24;49.06;0.83;1.75
J. Brown;LAMF;693;0;0.04;0;17.27;64.66;3.64;50;41.67;2.47;52.63;30.56;44.83;0.37;4.26
R. Tafazolli;CB;1596;0;0.02;0.11;22.22;68.02;6.54;55.17;53.62;0.51;100;67.86;74.71;0.24;7.8
T. Darikwa;LB;1941;0.09;0.05;0.32;42.89;76;10.48;65.04;60;1.72;51.35;40.85;62.18;1.42;8.3
C. Kirk;LAMF;488;0.18;0.03;0.18;28.59;78.06;3.87;76.19;38.46;3.32;61.11;41.38;61.54;0.26;1.79
N. Broadhead;CF;819;0;0.06;0.22;23.3;78.77;3.52;56.25;55.56;5.16;29.79;29.25;81.82;0.65;1.95
J. Garner;CF;349;0;0;0;17.02;71.21;1.29;80;37.5;0.77;66.67;31.25;30.77;0.41;0.81
A. Pilkington;LW;273;0;0.14;0.33;33.96;93.2;3.3;80;88.89;2.64;75;41.67;36.36;0;3.96
J. Bostock;RDMF;950;0.19;0.05;0.19;51.44;89.13;9.47;80;81.08;0.95;30;38.46;77.94;0.72;9.33
R. Stewart;CF;2293;0;0.07;0.35;21.31;77.16;1.84;70.21;58.33;2;49.02;29.47;55.95;0.91;3.51
G. Edmundson;LCB;1853;0;0.01;0;43.57;85.4;8.45;67.24;65.45;0.73;53.33;34.09;74.53;0.16;9.68
C. Long;CF;725;0.12;0.12;0.37;11.92;76.04;2.11;76.47;50;1.86;46.67;27.27;59.26;0.36;1.42
J. Griffiths;GK;2183;0;0;0;21.85;89.62;4.29;71.15;53.33;0;0;50;0;0;1.97
M. Clark;LWB;659;0;0.03;0.27;31;71.37;6.56;75;43.75;0.82;16.67;33.33;54.1;0.52;6.24
L. Gregory;CF;1830;0.2;0.07;0.39;14.85;73.84;1.52;51.61;46.88;1.67;52.94;26.64;50;0.69;2.67
E. Chapman;LCMF;1657;0.05;0.04;0.27;35.09;81.11;6.46;70.59;58.41;0.71;61.54;53.13;54.76;0.07;5.73
R. Griffiths;LCMF;285;0;0.14;0;38.21;80.17;5.37;52.94;76.92;1.58;60;26.67;57.89;1.03;6.72
D. Horgan;AMF;862;0.1;0.15;0.42;27.98;69.78;5.01;68.75;75;3.24;58.06;43.64;47.62;0.15;2.21
J. Obita;LWB;2203;0.16;0.09;0.33;18.26;65.77;5.92;70.34;63.16;1.76;46.51;29.73;48.84;0.46;4.2
T. Rowe;LB;1998;0;0.02;0.09;23.92;60.83;6.13;58.82;41.32;2.34;55.77;40.57;64;0.48;7.15
R. Edmonds-Green;RCB;1726;0.1;0.06;0.26;28.99;73.56;8.66;72.29;61.31;0.78;66.67;41.67;64.52;0.85;10.14
S. Ferguson;LWB;1226;0.22;0.18;0.88;27.6;71.54;8.52;83.62;59.42;4.26;63.79;50.56;54.55;0.12;5.02
W. Harding;LCB;1615;0.11;0.06;0.39;28.7;72.82;9.7;77.01;68.42;1.23;54.55;42;64.46;0.55;6.86
J. Maddox;AMF;297;0;0;0;23.94;83.54;3.33;72.73;66.67;3.03;10;7.89;62.86;1.34;5.37
G. Massey;RAMF;526;0.17;0.03;0.17;27.03;79.11;3.59;76.19;80;1.37;62.5;28;38.24;0;4.64
A. O'Brien;LW;721;0.12;0.17;0.75;26.46;81.6;3;66.67;50;3.62;37.93;27.16;65;0.41;4.93
L. Coyle;LCMF;664;0;0;0;29.01;71.5;5.96;68.18;52.08;0.68;40;53.33;48.21;0.6;6.85
R. McKenzie;LB;1915;0;0.04;0.09;20.26;66.59;5.55;66.1;48.86;1.13;54.17;42.86;51.45;0.47;5.78
M. Ihiekwe;LCB;1888;0;0;0;28.55;72.29;9.01;66.67;63.78;0.67;71.43;49.02;65.29;0.38;10.25
Madger Gomes;LCMF;469;0;0.12;0.19;25.71;74.63;3.65;63.16;42.86;2.88;66.67;30;54.55;0.58;5.83
B. Galloway;LCB;1149;0.16;0.03;0.31;38.22;83.4;7.6;59.79;56;1.02;76.92;60.53;67.8;0.77;6.79
C. Evans;LDMF;816;0.11;0.04;0.11;39.04;81.64;5.96;72.22;55.56;0.99;33.33;40.74;61.54;1.13;7.26
V. Hladký;GK;1173;0;0;0;24.4;87.11;8.59;84.82;76.92;0.15;50;50;0;0;2.95
J. Donacien;RB;1915;0.14;0.04;0.33;39.99;81.2;9.4;78;63.08;2.02;65.12;48.78;70.83;0.95;6.6
B. Heneghan;RCB;1967;0;0;0;33.95;71.56;9.11;66.83;48.5;0.41;55.56;35;76.19;0.47;9.69
K. Lee;LDMF;1289;0.21;0.08;0.56;37.77;84.47;4.68;74.63;65;0.84;50;35.29;61.22;1.17;4.1
D. Lloyd;LCMF;1542;0.06;0.14;0.18;18.85;64.09;3.62;74.19;56.52;4.96;61.18;38.95;47.57;0.08;3.61
H. Adelakun;RWF;1084;0.08;0.06;0.33;28.98;73.07;5.4;64.62;60.42;4.9;50.85;33.33;48.84;0.24;1.79
J. Robson;LB;1281;0;0.08;0.49;42.51;75.37;10.96;64.74;50;2.53;50;40.35;56.88;1.38;7.4
K. Agard;CF;368;0;0.01;0.24;15.9;81.54;1.96;87.5;100;1.47;33.33;17.91;66.67;0;3.33
M. Gillesphey;LCB;1571;0;0.05;0.17;57.17;78.96;14.49;66.01;56.57;0.46;50;34.62;58.91;0.52;8.71
T. Clarke;RCB;1916;0;0.01;0.05;33.68;81.59;7.37;66.24;56.99;0.14;0;30.77;75.23;0.32;8.37
C. McLaughlin;LCB;660;0;0;0;31.77;84.98;6.27;69.57;60.61;0.14;0;40;69.23;1.21;7.05
L. Wing;LCMF;1417;0;0.08;0;36.27;83.71;5.97;72.34;59.78;1.27;55;32.88;57.43;0.29;7.24
E. Harrison;CF;220;0.41;0.14;0.41;15.14;56.76;2.45;33.33;20;0.82;0;7.69;33.33;0;6
A. Morgan;LCMF;792;0.11;0.13;0.11;35.8;79.37;8.41;82.43;64.2;2.27;45;51.22;55.17;0.66;4.31
C. Brannagan;LCMF;1997;0;0.08;0.54;41.55;84.82;7.57;77.38;71.76;2.48;54.55;46.03;56.29;1.41;5.85
H. Boateng;AMF;799;0.34;0.18;0.45;25.68;80.7;3.49;67.74;61.54;2.25;55;31.33;57.14;0.36;3.73
B. Worman;LCMF;282;0;0.02;0.32;22.98;70.83;3.51;72.73;20;0.96;0;37.5;73.33;0;2.69
J. Pearce;CB;1108;0;0;0;32.33;84.42;6.5;65;64.86;0.49;83.33;52.17;72.97;0.26;8.24
J. Grimmer;RCB;1257;0;0.02;0.14;22.48;60.83;8.16;74.56;58;1.07;53.33;34.38;45.92;0.49;6.1
S. Winnall;CF;261;0.34;0.16;0.69;19.66;80.7;4.14;83.33;90;2.07;50;35.71;68.75;0;2.18
T. Diagouraga;DMF;1752;0;0.01;0.05;31.23;83.39;4.93;69.79;63.64;1.7;48.48;32.5;66.96;0.62;7.84
A. Baptiste;RCB;644;0;0;0;40.95;82.94;8.25;67.8;58;0;0;37.5;65.31;0.43;7.66
K. Sadlier;RWB;603;0;0.18;0.45;28.21;64.02;6.42;81.4;51.52;7.61;56.86;44.87;65.79;0.5;4.75
T. O'Connor;LCMF;1320;0;0.12;0;27.41;72.14;6.27;66.3;57.47;1.02;73.33;48.98;64.29;0.18;4.31
H. Chapman;AMF;893;0;0.25;0.6;22.68;70.67;4.03;87.5;69.57;7.05;57.14;48.18;49.18;0.4;3.75
J. Rossiter;DMF;983;0;0.01;0.09;35.34;79.02;8.06;78.41;64.04;0.37;25;50;61.54;0.83;8.15
A. Jackson;LCB;996;0;0;0;46.45;88.13;6.69;68.92;55.56;0.27;66.67;50;62.69;0.53;6.71
J. Akinde;CF;1230;0.15;0.07;0.44;11.2;66.01;0.95;61.54;42.86;2.12;37.93;30.83;74.47;0.3;2.17
C. Maguire;CF;1252;0.29;0.19;0.93;39.46;78.14;6.25;81.61;59.72;3.09;48.84;39.86;51.19;0.52;4.3
O. Lee;AMF;791;0;0.06;0.57;19.68;72.25;3.98;68.57;61.54;1.48;38.46;28.57;58.33;0.45;3.77
D. Harvie;LWB;1972;0.14;0.11;0.78;37.47;76.37;6.44;70.92;52.69;2.65;50;39.19;56.8;1.11;5.45
J. McCarthy;RWB;1590;0.06;0.1;0.57;22.7;59.35;7.58;70.15;57.5;1.08;52.63;38;56.79;0.17;4.16
S. Clare;RCB;1333;0;0.03;0.07;32.88;84.6;6.41;77.89;61.84;1.01;80;53.06;63.79;0.52;4.3
J. Dodoo;CF;1621;0.06;0.04;0.22;14.38;66.8;2.28;56.1;52.63;2.22;30;24.06;56.36;0;1.58
V. Johansson;GK;1868;0;0;0;13.88;78.82;10.12;89.52;85.11;0;0;80;0;0.07;4.79
M. Bostwick;RCB;761;0.12;0.04;0.24;28.03;78.48;5.68;75;49.06;0.24;100;100;42.11;0.44;5.88
R. Bowman;CF;1514;0.06;0.04;0.12;11.65;65.31;1.07;55.56;35;1.25;52.38;23.28;43.59;0.86;2.3
C. Robertson;LCB;541;0;0;0;41.59;82.4;12.98;80.77;59.57;0;0;40;71.43;0.23;7.27
S. Wootton;RCB;751;0;0.05;0;40.27;80.65;12.22;78.43;65.06;0.24;0;28.57;60;0.31;9.11
J. Mumbongo;CF;457;0;0.03;0.2;9.26;72.34;0.79;25;20;3.15;56.25;33.96;42.42;0;0.63
T. Naylor;RDMF;1762;0;0.06;0.15;41.88;85.37;6.9;74.81;65.19;0.61;58.33;47.5;59.46;1.05;10.11
L. Akins;LAMF;1943;0.14;0.06;0.37;25.66;71.66;4.49;61.86;57.14;3.2;46.38;32.21;52.63;0.12;6.34
C. Wyke;CF;1447;0.12;0.1;0.44;18.1;80.41;1.06;70.59;72.73;1.12;50;26.89;50;0.93;2.79
S. Fraser;LAMF;1287;0.14;0.29;0.63;33.22;85.05;4.83;76.81;74.14;2.1;40;38.66;54.24;0.47;4.59
M. Penney;LB;1302;0;0.05;0.35;41.82;75.7;10.16;69.39;58.43;3.53;49.02;43.3;69.7;0.49;8.85
A. Forde;RB;868;0.1;0.24;0.62;38.99;77.39;8.61;84.34;61.76;2.49;75;45.83;59.21;0.66;8.29
S. Kashket;RW;938;0.19;0.14;0.48;23.03;69.17;4.13;69.77;47.83;3.93;53.66;41.57;52.83;0.14;4.43
L. Montsma;RCB;1788;0;0.01;0.05;48.83;81.44;11.48;62.72;57.26;1.01;80;56.1;73.28;0.42;7.92
M. Miller;LWB;697;0.52;0.26;1.55;24.92;63.73;6.59;78.43;44.83;6.2;64.58;52.86;52.73;1.56;6.89
K. Vassell;CF;1045;0.09;0.09;0.09;11.97;65.47;1.03;58.33;23.53;2.93;52.94;30.07;56.25;0;3.32
T. Carroll;LCMF;279;0;0.11;0.32;48.39;84.67;9.03;82.14;66.67;0.32;0;42.86;47.37;0.42;4.65
E. Bennett;RWB;2269;0.04;0.13;0.32;27.84;66.38;6.86;73.41;47.01;2.42;60.66;49.25;63.19;1.11;5.09
A. Pierre;LCB;1310;0;0.01;0;19.92;72.41;5.02;63.01;45.31;0.55;50;42.31;75.58;0.27;5.46
M. Maroši;GK;2490;0;0;0;16.81;84.3;8.96;88.71;73.81;0;0;0;100;0;1.41
J. Wildsmith;GK;293;0;0;0;21.19;89.86;6.14;85;33.33;0;0;0;0;0;1.79
D. Gardner;LCMF;396;0;0.08;0.23;26.59;73.5;6.14;51.85;50;2.27;40;48.15;51.35;1.03;4.48
W. Hoolahan;AMF;1095;0.41;0.26;1.15;41.92;76.67;8.3;80.2;68.29;5.18;39.68;33.33;38.18;0.11;3.11
S. Williams;LDMF;1938;0;0.15;0.14;42.17;79.85;9.75;75.24;64.55;1.07;52.17;54.93;65.6;0.71;8.27
C. Masterson;LCB;1389;0;0;0;22.55;77.3;4.67;61.11;61.29;0.58;77.78;47.83;78.21;0.31;7.54
K. Dempsey;AMF;1651;0.05;0.09;0.05;24.91;77.68;3.65;68.66;62.12;3.54;44.62;36.55;50;0.86;3.79
J. Cumming;GK;2061;0;0;0;16.59;78.16;10.31;89.41;75.4;0;0;0;66.67;0;2.27
B. Reeves;LCMF;312;0;0;0;19.9;75.36;2.88;80;45.45;1.15;0;36.36;71.43;0.34;4.14
A. Stewart;RCB;1949;0.05;0.02;0.09;18.52;65.34;6.83;63.51;56.12;0.69;66.67;55.77;54.86;0;6.98
E. Hamilton;LCMF;1707;0;0.08;0.37;25.78;75.87;5.01;63.16;48.53;3.95;61.33;53.37;56.49;0.4;4.03
J. Vela;LCMF;1758;0.05;0.04;0.36;29.39;82.58;4.51;75;59.42;2.2;44.19;40.86;63.1;1.43;5.97
A. Mehmeti;AMF;894;0.1;0.08;0.4;23.15;67.83;4.13;78.05;63.16;8.15;53.09;38.22;65.57;0.15;3.28
S. Seddon;LB;2241;0.16;0.16;0.56;37.23;71.31;9.64;66.25;67.11;1.61;55;47.67;54.6;0.63;7.04
B. Bodin;RWF;323;0;0.07;0.28;27.03;77.32;3.34;58.33;60;8.36;33.33;33.33;61.54;0;3.69
Ryan Williams;LWF;621;0.14;0.13;0.58;27.25;78.19;6.23;74.42;58.82;3.77;57.69;42.11;56.25;1.01;5.29
B. Wiles;LCMF;2145;0.08;0.11;0.29;26.48;77.65;4.49;73.83;67.01;3.9;48.39;38.54;53.17;0.34;6
J. Thorniley;LCB;1815;0.05;0.01;0.1;50.33;84.63;10.96;71.49;57.32;0.15;100;58.82;67.57;0.55;9.27
A. O'Connor;LCB;2322;0.08;0.02;0.04;32.91;81.27;6.71;60.12;52.5;0.39;70;48.57;67.83;0.44;7.2
G. Leigh;LB;1750;0.1;0.09;0.21;32.4;67.46;9.05;69.32;52.25;2.62;60.78;50.56;60.19;0.73;7.68
D. John;LB;1507;0.18;0.18;0.54;41.98;80.8;7.64;69.53;55.22;2.21;59.46;46.38;66.28;0.1;4.78
C. Lakin;AMF;863;0.1;0.05;0.31;27.11;68.85;4.17;72.5;47.92;3.13;56.67;42.03;55.56;0.52;3.88
A. Oshilaja;RDMF;1194;0;0.02;0.23;28.04;70.43;6.48;63.95;51.19;1.28;58.82;52.27;70.27;0.68;9.71
D. Daniels;RCB;1091;0;0.01;0.08;42.98;81.77;9.49;64.35;52.38;0.66;37.5;55.88;81.32;0.12;8.66
K. Hemmings;CF;1067;0.08;0.07;0.17;17.88;77.83;1.94;73.91;69.23;2.61;51.61;27.64;50;0.24;2.33
L. Fiorini;LCMF;1523;0.06;0.07;0.47;27.6;73.02;3.01;60.78;55.36;3.19;48.15;36.96;60.47;0.43;4.03
Alex Gorrin;DMF;987;0;0.02;0;41.58;83.55;6.66;56.16;62.5;0.73;50;34.48;64.29;0.15;11.23
G. Jones;RB;1101;0.16;0.11;0.98;46.19;77.35;12.02;73.47;65.75;1.96;62.5;49.15;65.22;0.13;5.13
D. Gape;LCMF;220;0;0;0;19.23;72.34;3.68;66.67;33.33;0;0;60;56.52;0;6.52
B. Amos;GK;2062;0;0;0;20.6;91.31;6.02;86.96;70.69;0;0;100;66.67;0;2.49
S. Humphrys;CF;429;0.21;0.15;0.21;16.15;72.73;0.84;75;66.67;6.92;60.61;36.84;73.68;0.83;3.75
C. Burgess;LCB;1253;0;0.01;0;57.61;81.3;13.5;65.96;54.55;0.29;50;53.33;63.64;0.35;12.63
T. Pearce;LB;362;0.25;0.06;0.5;34.31;71.01;10.44;76.19;74.07;2.73;90.91;68.42;55.56;0.38;8.08
A. Wildig;LCMF;321;0.28;0.09;0.28;24.95;88.76;3.08;100;90;0.56;100;40;64;2.08;4.58
T. Anderson;LCB;1775;0;0;0.05;39.8;75.8;9.89;57.44;43.7;0.2;50;55.56;62.83;0.28;9.72
T. Flanagan;RCB;2011;0.04;0;0.13;36.74;78.93;8.46;67.2;48.55;1.03;60.87;60.98;73.29;0.59;8.26
W. Burns;RAMF;1220;0.22;0.21;0.81;21.91;74.41;3.02;63.41;70.59;6.27;52.94;42.45;52.73;0.12;4.98
L. Isgrove;RAMF;1188;0;0.15;0.91;36.89;74.13;8.48;83.04;73.53;4.39;51.72;44.76;54.41;1.09;5.05
J. Scowen;LCMF;1817;0.05;0.02;0.1;27.89;70.87;6.14;75.81;56.92;1.19;58.33;51.52;58.24;0.77;7.25
R. Poole;RB;2051;0.04;0.03;0.18;45.2;75.73;11.76;66.79;50;1.93;59.09;49.32;55.7;0.12;6.69
C. Bramall;LB;779;0.12;0.14;0.58;37.09;68.22;7.51;64.62;53.85;3.7;46.88;45.65;65.08;0.5;4.02
J. Wilson;RCB;2017;0.04;0.02;0.18;41.5;77.63;10.89;73.77;57.8;0.54;58.33;57.89;69.68;0.13;7.48
C. Hussey;LWB;2089;0.04;0.11;0.3;33.04;77.44;5.51;66.41;49.47;2.33;64.81;51.94;56.79;0.23;6.56
B. Morris;LCMF;387;0;0.1;0.23;36.74;83.54;7.91;76.47;74.19;0.23;100;50;59.26;0.96;7.66
J. Edwards;RWB;2145;0.04;0.08;0.5;30.5;73.04;7.93;75.66;54.33;1.34;56.25;47.42;55.86;0.62;7.31
C. Grant;LWB;1890;0.1;0.2;0.76;43.24;72.58;10.67;79.46;57.14;4;79.76;64.75;46.39;0.14;5.29
R. Hardie;CF;2013;0.09;0.02;0.22;11.09;68.55;1.21;66.67;38.89;3.31;48.65;26.8;56.47;0.26;1.99
J. Morrell;LCMF;1385;0.06;0.02;0.19;42.56;82.29;6.89;78.3;65.08;2.14;54.55;61.64;57.52;1.06;6.02
J. Garrick;CF;1200;0.23;0.06;0.38;21.45;76.22;2.85;78.95;59.26;6.15;53.66;34.09;67.37;0;3.15
E. Ebanks-Landell;CB;1701;0;0;0;21.9;74.88;5.82;57.27;48.68;0.26;60;54.55;77.31;0.8;6.9
J. Marquis;CF;1307;0.21;0.1;0.28;14.12;67.8;1.51;59.09;45.45;2;37.93;21.31;54.55;0;2.76
S. Raggett;RCB;2170;0;0;0.04;32.76;85.19;5.18;56.8;57.81;0.12;0;29.03;66.02;0.27;7.07
J. Iredale;LB;2381;0.08;0.05;0.15;32.36;69.04;10.7;66.08;60;2.08;67.27;55.29;62.69;0.52;6.34
D. Lewington;LCB;1921;0;0.01;0.05;62.97;88.47;13.63;81.1;75.42;0.52;54.55;51.22;68.22;0.08;6.47
J. Henry;RCMF;1600;0.17;0.15;0.56;31.39;77.96;6.02;75.7;68.89;3.49;50;39.09;49.06;0.09;4.78
Panutche Camará;RCMF;2236;0.16;0.12;0.44;34.21;83.88;4.63;76.52;78.49;2.78;59.42;42.94;64.71;0;4.88
J. Jacobson;LCB;2129;0.13;0.2;0.3;26.59;65.82;10.53;72.29;59.52;0.93;54.55;51.92;69.39;0.78;7.94
M. Pollock;CB;1429;0.13;0.03;0.19;31.74;75.2;6.61;55.24;33.33;0.06;0;23.08;73.53;0.09;8.71
A. Williams;CF;599;0.15;0.07;0.6;13.67;61.54;1.8;50;18.18;1.65;9.09;17.78;55.56;0;3.93
O. Pendlebury;RCMF;289;0;0;0;16.51;67.92;2.8;66.67;28.57;0.62;50;37.5;42.11;1.64;4.52
S. Whalley;RCMF;1035;0.09;0.06;0.17;27.3;70.7;6.09;78.57;61.54;3.83;52.27;48.78;41.67;0.53;4.59
J. Hiwula;LAMF;1410;0.13;0.09;0.26;17.17;71.38;3.13;67.35;56.1;3.13;61.22;41.67;51.85;0.35;2.51
A. Phillips;RCMF;1200;0.23;0.15;0.68;34.88;70.11;6.45;63.95;54.44;1.73;56.52;39.66;60.26;0.49;6.64
S. Kaikai;RWB;561;0.48;0.17;0.32;19.41;66.12;3.21;70;50;4.65;58.62;47.92;46.43;0.48;5.04
C. Wright;RCMF;888;0.1;0.12;0.41;29.8;68.03;4.86;66.67;38;1.82;50;30.36;57.38;0.53;3.33
G. Johnston;LCB;1754;0.05;0.03;0.15;53.93;84.87;9.95;68.56;54.67;0.62;83.33;58.33;75;0.76;8.67
T. Leigh;RCMF;514;0;0.22;0.7;25.21;72.92;3.85;86.36;65;2.28;46.15;39.29;57.69;0.27;5.63
R. Leak;LCB;1309;0;0;0;32.73;80.88;6.12;66.29;50;0.34;80;42.86;75;0.29;8.24
K. Ramsay;RB;1214;0;0.01;0.15;35.73;77.18;8.01;56.48;67.8;3.56;66.67;54.08;75;2.89;7
C. Shaughnessy;RCB;2255;0.04;0.02;0.12;29.57;73.95;8.34;74.64;55.05;0.32;50;45;61.39;0.16;7.95
M. Smith;RCMF;1616;0.06;0.05;0.22;33.08;79.29;5.68;76.47;58.95;2.06;45.95;40.59;58.62;0.67;3.71
T. Hopper;CF;618;0;0.07;0.29;14.27;74.49;1.02;71.43;33.33;1.31;66.67;37.1;68.18;0.2;4.43
A. Amadi-Holloway;CF;273;0;0.05;0.33;19.45;66.1;2.31;71.43;25;1.98;33.33;17.14;41.67;0.49;3.44
C. Winchester;RB;2094;0.04;0.04;0.09;33.95;83.8;6.28;76.71;75;1.63;57.89;43.16;64.6;0.74;5.49
D. Adshead;DMF;892;0;0.05;0;30.17;81.61;4.24;69.05;67.92;1.01;30;44.44;59.79;1.02;6.38
R. Vilca;RAMF;665;0;0.04;0.27;20.84;77.27;2.84;66.67;54.55;4.2;48.39;34.43;50;0.74;4.81
O. Shodipo;LWB;672;0;0.15;0.54;21.56;70.19;2.01;73.33;22.22;8.3;67.74;49.19;64.86;0;5.61
D. Mebude;LAMF;560;0;0.01;0;11.89;66.22;1.45;77.78;70;8.2;52.94;44.44;50;0.27;3.21
R. Adebisi;LB;2149;0.04;0.05;0.13;31.87;75.3;6.99;67.07;61.76;3.06;61.64;47.73;56.38;0.37;7.22
J. Sheehan;LDMF;1126;0.08;0.21;0.4;38.37;87.5;5.99;90.67;71.26;1.2;60;48;65.52;1.53;2.29
J. Mattock;LCB;367;0;0.03;0.25;23.54;82.29;8.09;78.79;70.59;0.74;33.33;14.29;57.14;0.99;6.92
A. Cairns;GK;2247;0;0;0;21.99;85.25;8.21;84.88;68.24;0.04;100;66.67;0;0;2.82
H. Pell;RCMF;1672;0.05;0.04;0.16;27.45;77.45;3.98;75.68;56.04;1.18;31.82;37.5;50;0.85;3.46
P. Kioso;RWB;1346;0.13;0.12;0.27;28.42;73.88;5.08;69.74;53.33;1.81;40.74;43.86;62.07;0.32;5.91
G. McCleary;AMF;1621;0.22;0.18;0.61;23.43;67.54;4.28;80.52;57.14;5.72;46.6;40.76;63.64;0;1.43
D. Stockdale;GK;2396;0;0;0;14.72;66.84;9.02;86.25;63.59;0;0;100;50;0.05;3.48
S. Flinders;GK;1658;0;0;0;19.54;79.72;6.79;75.2;58.11;0;0;100;0;0;2.22
J. Lindsay;RCMF;979;0;0.02;0.09;29.33;72.1;6.25;70.59;63.01;0.55;50;36.36;61.45;1.5;5.45
S. Eastwood;GK;871;0;0;0;20.25;86.22;7.65;82.43;66.67;0;0;0;100;0;1.22
R. McLaughlin;RB;1118;0;0;0.08;27.53;68.71;9.02;74.11;61.05;1.61;75;53.19;65.71;0.68;7.33
A. Bakayoko;CF;558;0.16;0.17;0.48;24.03;73.83;3.39;66.67;70;1.94;58.33;28.57;55;1.84;2.37
C. Ogbene;RWB;1792;0.05;0.25;0.95;24.76;63.89;5.88;77.78;63.89;9.39;56.68;50.36;55.13;0.25;4.34
C. Porter;CF;1258;0.14;0.06;0.36;11.66;69.33;1.07;53.33;38.1;0.29;50;21.88;57.14;0;1.6
M. Ehmer;RCB;2016;0;0;0.04;19.91;69.06;7.32;72.56;61.84;0;0;38.89;68.39;0.22;6.74
Ricardo Santos;RCB;1944;0;0;0.05;53.24;88.78;7.69;69.28;58.9;1.53;78.79;55.56;78.31;0.77;8.27
L. Jones;RCB;1263;0.07;0.02;0.14;30.36;80.28;8.98;73.02;65.63;0.5;57.14;47.62;64.06;0.09;6.92
M. McGuane;RCMF;517;0;0.06;0.52;32.73;86.7;4.53;92.31;89.29;2.96;58.82;50;63.64;0.29;3.43
A. Sarcevic;AMF;1244;0.07;0.09;0.29;35.02;80.99;4.99;75.36;76.92;2.82;64.1;41.51;63.38;0.45;4.43
A. Baldwin;RCB;349;0;0;0;35.59;73.91;8.77;64.71;51.85;0.52;0;44.44;75;0;10.59
S. Conneely;RCMF;1175;0;0.04;0.15;40.21;83.05;7.28;68.42;76.83;0.61;37.5;37.84;64.38;0.57;7.24
C. Tilt;LCB;720;0;0;0;41.25;84.24;9.25;71.62;57.14;0.63;40;67.65;73.81;0.41;7.96
M. Watters;CF;546;0.16;0.11;0.16;12.36;60;0.82;40;60;1.48;55.56;32.43;55.56;0;2.14
L. O'Nien;RDMF;1520;0.06;0.01;0.12;40.03;81.36;6.57;70.27;63.72;0.77;53.85;62.5;59.83;0.95;9.34
O. Palmer;CF;1056;0.17;0.08;0.17;19.01;57.85;3.75;61.36;48.08;3.58;47.62;32.58;60.78;0.26;3.57
S. McConville;LWB;2213;0.28;0.34;0.65;32.54;68.75;9.6;79.66;54.43;3.25;55;47.95;58.4;0.76;5.16
C. Brennan;RCB;548;0;0;0;34.16;87.5;5.58;58.82;62.5;0.49;33.33;58.33;81.48;0;7.25
P. Digby;DMF;2229;0.04;0.05;0.28;34.4;79.93;5.81;67.36;68.71;0.52;46.15;37.04;55.61;0.31;6.14
T. Lowery;RCMF;1020;0.09;0.13;0.53;44.82;82.87;9.97;76.99;71.25;3.26;70.27;42.06;62.35;0.67;4.3
G. Williams;RB;2280;0.12;0.08;0.43;28.58;68.23;8.57;75.12;53.5;0.99;68;51.67;50;0.4;7.33
J. Weir;LDMF;989;0.09;0.03;0.18;29.12;77.5;4.73;59.62;55.36;2.09;69.57;56.82;58.02;0.11;5.13
R. Jackson;RB;1156;0.08;0.13;0.23;27.95;75.21;7.63;73.47;63.49;1.87;54.17;44.19;59.26;0.1;5.5
R. Bennett;LCB;1242;0;0;0.07;18.99;70.99;5.72;59.49;55.32;1.01;57.14;38.71;79.41;0.18;6.49
T. Watson;RWB;858;0;0.13;0.63;34.72;83.99;5.14;63.27;81.48;1.89;33.33;28.89;52.63;1.26;8.26
A. Akinfenwa;CF;456;0.2;0.1;0.2;16.97;61.63;1.58;50;42.86;0.59;66.67;31.25;53.85;0;3.33
R. Inniss;RCB;451;0;0;0;32.93;84.85;6.59;63.64;70.83;0.4;100;50;54.17;0.98;10.11
C. Thomas;DMF;1586;0.06;0.06;0.11;38.53;82.03;7.77;67.88;66.99;0.34;50;44;55.56;0.61;5.25
W. Boyle;LCB;901;0.1;0.02;0.2;39.76;77.39;9.19;59.78;49.12;1.1;72.73;66.67;72.73;1.13;6.28
K. Letheren;GK;1069;0;0;0;20.71;76.83;13.47;83.13;72;0;0;100;0;0;1.84
D. Batty;RCMF;916;0.2;0.19;0.29;43.53;79.46;8.94;75.82;67.07;2.75;57.14;42.19;62.82;1.02;3.79
C. Stockton;CF;2125;0.08;0.03;0.17;10.08;67.23;1.23;93.1;57.5;3.26;42.86;23.97;51.79;0.16;1.56
K. Knoyle;RB;2072;0.04;0.03;0.09;25.84;69.08;6.12;65.96;44.64;1.52;65.71;48.15;69.84;0.35;4.93
R. Wood;CB;1814;0.05;0.01;0.05;17.91;74.24;5.95;57.5;67.86;0.15;66.67;40;73.79;0.16;7.26
C. McGrandles;RCMF;1606;0;0.02;0.06;42.87;84.18;6.67;62.18;66.67;1.18;66.67;40.96;66.43;1.9;6.19
J. Whatmough;RCB;2027;0.04;0.04;0.13;49.77;87.6;9.19;73.91;55.28;0.36;62.5;34.48;74.73;0.22;7.07
L. Brown;LB;1692;0.11;0.09;0.27;33.3;75.88;8.94;73.81;64.76;1.06;50;32.08;61.46;0.17;6.03
M. Melbourne;LCB;395;0;0;0;51.27;87.11;10.71;72.34;61.54;0;0;28.57;57.14;0.33;7.91
J. Pritchard;RWB;392;0;0.1;0.23;22.27;64.95;4.59;95;52.38;8.27;61.11;54.17;58.33;0.38;3.85
A. Presley;CF;984;0.09;0;0;17.56;77.6;1.37;86.67;66.67;2.2;37.5;16.52;63.41;0.27;1.76
M. Azeez;RCMF;384;0.23;0.16;0;27.42;88.03;4.45;68.42;83.33;1.88;62.5;30;55.56;1.41;10.78
D. Agyei;CF;268;0;0;0;9.74;55.17;1.68;60;0;6.38;36.84;25.64;57.89;0.59;2.94
C. Lang;RAMF;1812;0.25;0.13;0.5;17.93;73.13;2.19;70.45;53.13;6.11;43.09;32.77;53.33;0.4;3.92
F. Blake-Tracy;LCB;319;0;0;0;44.29;73.89;9.31;63.64;53.33;1.41;40;40;78.26;1.18;7.11
L. Burge;GK;292;0;0;0;17.88;82.76;3.7;66.67;62.5;0;0;0;0;0;3.38
J. Pigott;CF;543;0;0.04;0.33;14.92;72.22;1.66;80;53.85;1.33;87.5;33.33;56.25;0.32;2.23
L. Woolfenden;RCB;835;0;0.05;0.22;45.59;83.22;6.79;55.56;46.67;0.75;71.43;47.06;77.05;0.53;8.42
N. Tzanev;GK;2067;0;0;0.04;24.3;79.75;8.75;81.09;61.02;0;0;66.67;100;0;4.03
D. Csóka;LCB;804;0;0.02;0.11;30.11;79.55;6.94;62.9;65;0.34;66.67;46.15;77.61;2.16;7.9
M. Williams;DMF;1813;0;0.01;0;39.71;88.5;5.41;69.72;75;0.5;60;49.09;56.78;0.8;5.39
J. Houghton;DMF;2251;0.08;0.08;0.2;35.22;81.27;5.8;67.59;65.75;0.56;57.14;46.67;58.66;0.65;6.58
F. Dele-Bashiru;RCMF;976;0.09;0.05;0.37;25.64;88.49;1.66;88.89;82.76;3.87;54.76;38.46;77.78;0;3.47
H. Dunk;LB;1111;0;0.01;0.08;25.03;68.93;6.64;51.22;46.67;2.11;46.15;41.86;53.93;0.52;7.22
C. Ogilvie;LCB;1359;0;0;0;27.95;78.91;6.89;73.08;55.56;0.2;66.67;52.17;63.64;0.22;6.85
M. Harness;AMF;1993;0.05;0.15;0.63;30.98;68.22;4.97;69.09;53.68;4.88;48.15;38.94;59.23;0.37;5.17
J. Brophy;LW;1946;0.09;0.11;0.42;25.39;75.41;3.88;72.62;64.29;4.25;57.61;50.3;50;0.17;4.15
S. Smith;RAMF;1422;0;0.02;0;17.91;74.56;2.22;57.14;60.87;2.66;42.86;35.77;52.31;0.9;2.13
D. Phillips;LDMF;835;0;0;0.11;27.49;74.12;5.07;63.83;58.33;2.16;50;43.64;62.04;1.46;6.41
M. Carayol;LAMF;1059;0;0.01;0.08;19.8;63.95;3.65;62.79;58.33;7.05;62.65;50.37;60;0.89;3.11
Z. Jules;LCB;557;0;0.05;0.16;40.88;83.79;7.27;62.22;68.57;3.39;71.43;58.82;57.58;0.56;6.11
A. Fisher;GK;2160;0;0.01;0.04;30.04;85.16;7.21;77.46;41.18;0.17;100;100;0;0.07;3.16
G. Dobson;DMF;1492;0.06;0.04;0.18;38.36;82.7;7.24;76.67;64.55;1.63;62.96;47.62;56.52;1.44;6.35
A. Famewo;LCB;2081;0.04;0.02;0.04;37.54;76.84;10.6;67.35;53.33;1.9;72.73;53.08;70.54;0.72;8.71
K. Joseph;CF;1266;0.07;0.09;0.14;14.22;60.5;2.63;64.86;44;4.12;58.62;38.17;57.75;0.18;3.94
M. Blair;RWB;1962;0.05;0.04;0.23;27.84;68.2;7.29;61.64;56.99;2.75;55;50.54;51.06;0.82;8.36
C. Raglan;RCB;770;0;0.01;0;36.7;80.25;8.77;73.33;61.64;0;0;0;63.89;0.63;7.26
C. Norton;CF;228;0;0;0;9.08;73.91;1.97;60;100;1.58;50;23.33;62.5;0;0.65
J. Andrésson;GK;1253;0;0;0;18.24;83.07;9.41;87.02;75.86;0;0;100;0;0;1.36
R. Delaney;LCB;988;0.09;0.03;0.09;30.97;70.88;9.47;55.77;52.46;0.09;0;20;71.83;0.42;4.81
A. Barlow;RAMF;783;0;0.01;0;17.93;67.95;3.1;44.44;44.44;2.87;60;44.9;54.39;0.88;3.97
J. Vickers;GK;494;0;0;0;12.94;85.92;8.02;95.45;84.85;0;0;0;0;0;4.52
C. Camps;RCMF;1045;0.17;0.05;0.43;24.55;74.04;3.96;52.17;51.43;1.03;50;25.35;50;0.8;5.86
J. Kayode;CF;366;0.49;0.2;0.74;8.36;70.59;0.25;100;50;3.2;30.77;25;65;0.42;2.96
M. Mandron;CF;1755;0.05;0.07;0.36;19.69;75;2.62;64.71;58.54;1.69;54.55;24.06;53.95;0.15;4.09
O. Patrick;CF;466;0;0.04;0.58;17;67.05;3.09;87.5;62.5;4.25;31.82;22.81;68;0;3.48
W. Nightingale;LCB;1082;0.08;0.05;0.08;35.68;79.49;7.15;59.3;51.72;0.58;57.14;44;68.66;0.39;8.88
J. McPake;LWF;240;0;0.03;0;13.88;64.86;1.5;25;100;7.87;57.14;43.9;55;0;4.53
K. Vincent-Young;RB;694;0.39;0.08;0.65;37.61;76.21;7.91;63.93;54.35;4.67;72.22;55.38;67.27;0.65;5.61
B. Close;AMF;1321;0.14;0.06;0.34;35.29;76.64;7.49;77.27;64.49;1.91;53.57;30.38;68.29;0.3;6.34
C. McFadzean;LB;650;0.14;0.11;0.14;39.05;71.99;9.42;61.76;62.79;1.11;50;48.48;52.17;0.39;6.51
J. O'Sullivan;RWB;673;0;0.04;0.13;27.68;64.73;5.35;72.5;41.38;3.34;64;52.83;51.52;0.23;5.35
L. Sercombe;RCMF;1954;0.09;0.13;0.55;33.44;79.89;6.4;77.7;70.8;2.72;52.54;40.5;50.42;0.18;4.46
D. Andrew;LB;2220;0.24;0.13;0.36;40.62;74.85;12.28;76.57;55.6;1.78;59.09;50.77;64.46;0.5;6.02
O. Rathbone;RCMF;1848;0.05;0.09;0.29;29.42;77.32;5.89;76.86;62.83;2.34;54.17;39.86;53.59;0.94;5.59
A. May;CF;1698;0;0.08;0.37;18.29;70.43;2.17;65.85;59.52;3.5;53.03;37.89;57.14;0.07;2.86
W. Aimson;LCB;689;0;0.02;0.13;53.69;85.4;10.84;69.88;68.49;0.78;33.33;54.55;91.3;0.92;7.62
B. Garratt;GK;2255;0;0;0;17.8;82.96;9.06;85.9;73.48;0.04;100;100;50;0;3.63
C. Ainley;AMF;1037;0;0.07;0.35;25.86;73.49;4.69;75.93;62.22;4.34;52;39.52;43.18;0.27;3.45
G. Taylor;LCB;226;0;0;0;19.51;65.31;6.77;47.06;50;0.4;0;33.33;80;0;9
D. Morgan;DMF;1168;0;0.06;0.15;27.89;78.45;6.32;68.29;70.27;0.62;37.5;36.36;63.54;1.08;6.14
G. Ahadme;AMF;253;0;0.22;0.71;18.14;82.35;2.13;100;100;4.62;53.85;32.5;66.67;0;1.73
J. Norwood;CF;220;0.41;0.04;0.41;22.09;62.96;2.45;50;16.67;0.41;100;31.25;75;0.73;2.93
A. Hartigan;LDMF;1808;0.2;0.21;0.05;48.43;80.47;8.96;75.56;54.67;0.9;55.56;46.34;54.17;0.59;5.12
D. Scarr;CB;2364;0.04;0.03;0.08;46.22;85.09;7.58;62.81;45.83;0.38;50;50;73.28;0.34;8.97
L. Mansell;CF;281;0;0.07;0.32;13.45;73.81;0;0;33.33;1.6;40;32.26;42.86;0.47;1.88
D. Udoh;CF;2045;0.18;0.12;0.4;15.76;73.46;2.02;60.87;57.58;3.65;56.63;39.54;62.26;0.11;2.06
J. Ironside;CF;2253;0.04;0.03;0.16;9.83;67.48;0.68;82.35;43.75;1.4;42.86;23.35;34.38;0;0.98
D. Mitov;GK;2115;0;0;0;13.45;79.11;7.36;85.55;69.91;0;0;100;0;0;2.49
A. May;AMF;1423;0.13;0.18;0.44;33.65;80.45;5.19;73.17;69.31;1.64;53.85;45.45;57.32;0.17;3.39
L. Sørensen;RCMF;1576;0;0.08;0.4;35.75;80.03;5.94;75;64.29;0.97;52.94;35.94;63.06;0.39;4.84
V. Oliver;CF;1661;0;0.02;0.05;12.03;60.36;1.79;60.61;70.37;0.65;33.33;25.74;50;0;2.23
C. MacGillivray;GK;2372;0.04;0;0.04;20.94;85.69;8.84;86.27;75;0.04;100;33.33;50;0;2.69
S. Long;RB;1567;0;0.09;0.34;43.08;72.67;12.12;72.04;61.49;1.15;70;45.24;58.91;0.27;8.33
O. Evans;GK;687;0;0;0;18.6;78.87;5.37;80.49;46.15;0.13;100;100;33.33;0;1.43
J. Stevens;GK;1271;0;0;0.07;25.14;83.94;7.44;80;49.06;0;0;0;0;0;2.08
A. Gnahoua;LWF;1424;0.13;0.1;0.44;17.57;69.78;2.84;60;46.88;4.8;56.58;38.98;60.53;0.08;3.85
D. Richards;GK;1203;0;0;0;18.1;85.54;5.91;75.95;80;0;0;100;75;0;3.35
T. Thomas;LCB;1129;0;0.01;0.16;38.18;81.42;8.45;63.21;60.87;1.51;84.21;61.22;63.77;0.23;9.66
A. Woodyard;RDMF;2067;0;0.03;0.17;40.19;84.4;6.4;73.47;65.03;1.26;58.62;44.03;60.89;0.59;5.79
B. Halliday;RWB;297;0;0;0;29.09;67.71;7.27;62.5;54.55;1.82;66.67;46.15;61.29;1.14;6.84
D. Johnson;RB;210;0;0;0;35.14;73.17;8.57;45;58.33;3.43;62.5;53.33;66.67;0;7.09
D. Charles;CF;563;0;0.06;0.32;10.23;68.75;0.96;83.33;50;4.96;45.16;38.89;48.57;0.51;2.82
C. John;LCB;270;0;0;0;41.67;80.8;9.33;64.29;60;1;33.33;30;80;0;3.13
T. Perry;AMF;516;0;0.01;0;21.98;72.22;3.49;55;47.06;4.36;44;38.18;72.73;0.23;4.29
C. Seaman;RW;376;0;0.01;0;16.52;71.01;3.59;80;50;4.31;61.11;36.84;65.38;0.83;3.75
J. Bennett;LWF;722;0;0.12;1;23.93;73.44;4.24;76.47;45.45;6.98;60.71;42.57;48.48;0;1.05
P. Kalambayi;RCB;388;0;0;0;28.99;75.2;5.8;68;42.86;0.23;100;22.22;86.67;0;5.54
S. Lavelle;RCB;1264;0;0.01;0;32.75;82.39;5.91;71.08;52.7;0.14;100;63.64;70.42;0.39;5.53
J. Hill;RCB;1225;0;0.01;0;32.03;76.15;8.08;62.73;52.13;0.37;60;50;69.62;0.99;8.84
C. Duffus;RWF;244;0;0;0;8.48;69.57;1.48;75;50;1.11;66.67;36;55.56;0;1.92
S. Tracey;RW;1115;0.16;0.05;0.24;20.5;80.71;2.58;59.38;58.33;6.13;60.53;42.95;60.42;0.3;2.8
N. Holland;LW;1039;0.17;0.06;0.52;23.65;80.95;2.69;70.97;72.73;6.24;50;35.03;44.74;0.12;3.73
S. Sherring;LCB;787;0;0;0;35.57;80.06;8.92;76.92;60.98;0.46;100;46.15;66.67;0.17;7.71
H. Holgate;LCB;483;0;0;0;41.37;83.78;9.32;58;47.62;0;0;66.67;68.97;0.8;6.11
B. Clements;LB;361;0;0.01;0;39.39;75.32;8.98;75;65.52;1.25;80;60;54.76;1.18;10.66
B. Knight;RAMF;367;0;0.04;0.25;26.73;82.57;3.92;75;62.5;3.43;21.43;19.57;47.37;0.38;1.92
A. Assal;RAMF;1626;0.06;0.13;0.61;15.83;86.71;1.05;73.68;63.64;3.65;59.09;36.32;67.53;0.51;3.23
J. Smith;RAMF;1441;0.12;0.13;0.19;22.3;75.07;3.93;74.6;65.22;7.06;55.75;41.57;50.52;0;2.76
C. Morton;CF;1466;0.18;0.11;0.43;16.33;76.32;2.03;39.39;63.16;3.62;44.07;29.06;59.26;0;3.3
J. Kerr;RCB;258;0;0;0;53.02;76.97;9.77;50;47.62;0;0;75;84.85;0;10.2
K. Watts;LCB;1280;0;0.03;0;45.98;85.32;11.81;80.95;65.49;0.14;100;55.56;67.24;0.12;6.02
S. McLoughlin;RCMF;1469;0.06;0.09;0.12;28.12;75.6;5.51;81.11;65.93;1.84;53.33;40.7;57;0.62;4.86
C. Blackett-Taylor;RW;601;0.3;0.23;1.05;20.67;68.84;3.29;63.64;40;9.43;68.25;48.62;63.89;0.23;2.71
C. Doyle;LCB;2192;0.04;0;0.04;39.91;79.12;10.06;65.31;52.98;1.56;52.63;45.45;67.74;0.82;7.57
D. Neill;LDMF;2072;0.3;0.1;0.61;40.83;84.57;7.91;81.32;72;2.35;62.96;48.41;58.17;1.17;4.2
D. Cirkin;LB;1153;0.16;0.07;0.23;31.22;71.75;7.96;52.94;55.38;2.65;61.76;53.93;51.65;0.47;10.39
E. Embleton;AMF;1250;0.22;0.13;0.43;34.06;78.01;4.54;71.43;59.02;3.46;54.17;39.05;56.25;0.51;2.47
P. Osew;RB;698;0.13;0.06;0.39;20.37;69.62;4.26;63.64;52.17;3.48;62.96;44.07;51.06;0.41;6.53
J. Rudoni;LAMF;1528;0.06;0.09;0.29;24.56;74.34;4.06;66.67;69.81;3.53;56.67;42.37;70.45;0.61;6.05
E. Chislett;AMF;507;0;0.01;0.18;22.19;84.8;2.84;68.75;70;3.02;47.06;35;65.52;1.84;3.68
N. Guinness-Walker;LB;1354;0;0.07;0.2;30.04;73.67;6.85;65.05;57.14;2.39;50;41.43;56.04;0.69;8.81
C. Alexander;RB;972;0;0.12;0.56;37.69;76.9;10.74;81.03;70.67;2.59;57.14;44.19;58.73;0.69;8.16
L. McCormick;AMF;1559;0.29;0.14;0.69;22.75;73.1;4.85;72.62;62.5;1.73;36.67;39.33;71.23;0.7;3.05
G. Marsh;LDMF;309;0;0;0;36.12;72.58;5.83;50;50;0.58;50;47.37;80.77;2.07;5.17
H. Lawrence;RB;1189;0.08;0.06;0.23;35.05;76.24;8.02;63.21;57.14;3.03;67.5;58.11;70.51;0.79;5.86
W. McDonald;LWF;847;0.11;0.08;0.53;20.83;68.88;2.98;82.14;66.67;7.65;56.94;42.25;51.72;0;2.48
S. Robertson;RCMF;1291;0;0.04;0.14;37.58;83.3;5.51;69.62;60.56;3.63;55.77;40.32;67.5;0.81;4.53
J. McEachran;RCMF;825;0;0.01;0;56.4;87.23;7.96;64.38;78.33;1.64;33.33;28.95;60.32;0.67;6.54
F. Draper;CF;364;0;0;0;9.64;82.05;2.72;63.64;100;2.72;36.36;30.3;60;0.42;3.75
A. Scully;LWF;1439;0.19;0.25;0.94;28.39;78.85;4.13;86.36;59.57;4.5;41.67;34.81;52.5;0.17;2.83
C. Thompson;RCMF;1709;0;0.1;0.26;21.17;70.15;5.27;77;58.42;1.95;59.46;47.46;55.56;0.23;4.67
T. Eyoma;LCB;991;0;0.01;0;46.04;87.38;8.63;58.95;66.67;1;45.45;31.25;75.95;0.24;6.85
C. Johnson;RB;1426;0;0.06;0.25;37.74;75.92;8.52;67.41;49.02;1.7;62.96;48.53;61.9;0.27;7.16
T. Bloxham;CF;922;0.1;0.06;0.49;19.13;57.65;3.71;68.42;31.82;5.37;52.73;36.29;53.7;0.53;3.55
J. Malcolm;CF;330;0;0;0;10.36;60.53;1.91;71.43;25;4.09;53.33;26.19;66.67;0;1.82
J. Trafford;GK;1087;0;0;0;19.95;81.74;7.2;81.61;62.75;0;0;66.67;100;0;5.48
Y. Amankwah;LCB;1124;0;0;0;29.63;72.97;8.17;55.88;62.5;1.36;47.06;47.5;64.29;0.37;8.78
L. Jephcott;CF;1496;0.24;0.06;0.36;21.3;75.99;2.83;72.34;62.22;1.44;50;25.95;71.05;0.09;3.75
M. Luongo;RCMF;416;0;0.05;0.22;37.64;75.86;6.92;84.38;65.71;2.6;75;60;73.33;3.33;9.63
M. Cooper;GK;2364;0;0;0;22.35;85.52;4.84;67.72;45.61;0;0;0;50;0;2.69
T. Taylor;RCMF;530;0;0.05;0.17;41.09;80.58;6.45;81.58;58;1.7;60;50;62.16;0.54;10.27
M. Nottingham;CB;2328;0;0.03;0.12;28.99;76.27;8.12;69.52;60.65;0.58;60;39.58;73;0.72;8.98
C. Bishop;CF;2060;0.13;0.06;0.39;21.15;73.35;1.18;85.19;44.74;1.09;36;26.26;61.36;0.42;2.22
M. Clark;RWB;529;0;0.05;0.34;27.05;62.89;6.98;78.05;42.86;1.7;70;61.54;62.07;1.86;7.17
R. Sykes;RCB;2110;0.09;0.05;0.3;34.76;70.8;11.64;73.63;56.65;0.81;63.16;44.68;66.67;1.35;10.72
D. Wheeler;RCMF;699;0;0.01;0;20.73;68.94;5.15;77.5;58.14;0.52;100;34.78;62.3;0.87;5.03
H. Rodgers;LCB;1090;0.08;0.02;0.08;24.19;67.58;5.53;64.18;39.62;0.41;60;26.32;71.74;1.61;5.83
T. Savin;GK;1266;0;0.01;0.07;16.64;81.62;8.53;88.33;69.77;0.07;100;66.67;0;0;4.47
S. O'Keefe;RCMF;1371;0;0.02;0;18.97;73.7;3.87;61.02;60;1.31;65;51.67;62.5;0.78;4.4
G. Garner;CF;1695;0.05;0.03;0.21;22.57;79.29;2.71;72.55;63.16;3.19;51.67;27.8;54.44;0.59;1.76
C. Hayes;LW;341;0;0.02;0;11.88;71.11;1.32;80;50;7.65;55.17;43.48;58.06;0;3.25
S. Morris;RW;943;0;0.05;0.48;18.04;65.08;2.58;62.96;50;7.64;60;46.67;54.24;0.14;3.51
C. Johnston;RB;402;0;0.02;0;43.88;75.51;10.75;72.92;60.47;1.79;62.5;47.06;64;0;7.81
J. Lundstram;RCMF;600;0;0.04;0.15;33.6;80.8;4.65;67.74;67.74;3.15;52.38;41.07;69.23;0.85;2.98
R. Edmondson;CF;338;0;0;0;16.51;66.13;0.8;66.67;33.33;2.13;37.5;26.32;44.44;0.45;1.36
J. Matete;DMF;1477;0;0.01;0;35.95;85.42;4.87;70;69.32;3.05;70;53.69;64.18;0.99;5.37
G. Nurse;LCB;2052;0.04;0.04;0.04;34.12;66.45;9.56;67.89;48.45;1.49;76.47;60.29;65.61;0.65;5.8
J. Daniels;RWB;425;0;0;0;27.11;77.34;6.78;75;64.71;1.91;44.44;44;56;1.1;5.78
R. Pyke;CF;611;0;0.17;0.44;16.06;75.23;2.06;57.14;53.85;2.65;44.44;29.82;55.17;1.36;3.12
N. Ogbeta;LWB;1474;0.06;0.07;0.31;21.31;78.22;3.24;64.15;73.68;4.46;58.9;47.79;50;0.08;5.4
R. Curtis;LAMF;2113;0.13;0.13;0.38;21.72;66.08;3.28;79.22;50.79;4.77;51.79;33.82;57.23;1.35;3.63
H. Knibbs;RW;319;0;0;0;11;66.67;1.41;0;40;0.85;33.33;30;55.88;0.38;7.5
R. Hackett-Fairchild;LWB;1214;0;0.08;0.3;26.1;71.02;5.34;66.67;55.32;4.15;53.57;34.15;56.6;0.74;6.54
J. Okedina;RCB;907;0;0;0;26.3;76.6;6.25;58.73;47.92;0.4;50;40;77.27;0.25;5.42
A. Gilbey;RCMF;1519;0.06;0.09;0.18;29.57;77.56;5.51;67.74;61.96;4.74;61.25;51.88;59.8;1.28;4.38
G. Sithole;CF;425;0;0.03;0.21;9.53;62.22;1.06;20;66.67;2.33;45.45;26.92;68.75;0;1.36
H. Lintott;RB;386;0;0.03;0.23;22.85;54.08;5.13;63.64;36.36;5.6;58.33;51.61;58.62;0.67;3.03
D. Tutonda;LB;826;0;0.02;0.22;23.43;73.95;5.01;69.57;51.22;0.76;57.14;33.33;69.23;1.52;8.43
B. Watson;RCMF;646;0;0.01;0;45.28;88.62;7.8;75;83.72;0.42;100;54.55;60;1.49;6.52
S. Twine;AMF;2081;0.26;0.22;0.78;29.71;79.77;5.45;80.95;63.89;3.81;55.68;46.58;58.16;0;3.03
W. O'Hora;RCB;2250;0;0;0;48.48;88.61;8.88;68.02;72.09;0.24;50;33.33;68.07;0.32;7.82
H. Darling;CB;1930;0;0;0;53.11;88.32;6.34;57.35;52.81;0.61;76.92;54.84;66.22;0.94;6.89
J. Tucker;LCB;2061;0;0.01;0.09;26.55;72.2;8.21;60.11;48.05;0.66;73.33;55.56;72.43;0.44;7.9
J. Davison;CF;758;0;0.01;0;17.1;73.61;1.31;63.64;53.85;1.78;46.67;24.76;57.58;0.71;2.5
C. Forino-Joseph;CB;284;0;0;0;19.01;56.67;7.61;58.33;41.67;0.32;0;20;70;0.87;10.87
D. Jaiyesimi;RWB;1202;0.07;0.07;0.6;27.55;64.95;6.89;72.83;55.56;7.79;57.69;44.44;58.33;0.46;6.3
B. Hanlan;CF;1513;0.12;0.09;0.3;10.83;75.82;0.95;81.25;75;4.88;45.12;31.29;55.41;0.17;1.74
L. McNally;RCB;911;0;0.02;0.1;37.64;80.58;8.99;72.53;53.85;0.2;50;50;71.19;0.76;9.24
S. Long;RCB;2325;0;0.07;0.15;35.19;77.67;9.37;71.9;59.17;0.46;91.67;64.71;61.95;0.31;5.96
M. Sykes;RW;1586;0;0.13;0.51;28.88;76.03;3.8;77.61;54.17;3.69;61.54;46.43;61.26;0.18;4.55
P. Lane;RCMF;1243;0.43;0.14;0.94;28.67;74.24;5.07;74.29;51.85;4.56;66.67;53.38;61.84;0.31;5.24
L. Freestone;LCB;1051;0;0.02;0;36.05;79.1;7.02;60.98;54.35;0.51;100;52.94;64.71;1.3;9.46
T. Cukur;CF;1051;0;0.05;0.34;13.02;67.11;1.63;73.68;50;1.8;33.33;20.9;72.73;0.38;1.27
L. Hasani;RW;257;0;0;0;24.16;69.57;4.2;66.67;46.15;0.7;50;9.09;46.43;0;8.38
R. Williams;RCB;1559;0;0;0;38.22;79.61;10.28;62.92;56.6;0.29;100;46.88;73.63;0.17;7.89
L. Gibson;LCB;1115;0;0.02;0.08;29.62;75.2;8.39;73.08;65.08;1.53;52.63;39.13;66.67;0.65;9.75
N. Delfouneso;RCMF;260;0;0.01;0;22.85;84.85;1.38;75;66.67;1.38;100;64.71;50;0;8.13
L. Jones;GK;582;0;0;0;16.86;86.24;5.57;80.56;68.75;0;0;0;0;0;1.1
D. Adeniran;RCMF;1254;0;0;0.07;24.69;82.56;3.23;68.89;76.19;2.37;51.52;39.02;63.16;1.29;6.67
J. Olowu;LB;996;0;0;0;32.44;75.77;9.31;66.02;46.84;0.99;72.73;40.74;55.07;0.83;7.23
J. Ayunga;RWF;1147;0;0.06;0.08;13.42;62.57;1.8;69.57;57.14;6.59;51.19;35.16;65.93;0.81;3.84
M. Mancienne;RCMF;701;0;0.01;0.13;21.31;77.71;3.85;70;60;0.13;100;40;62.96;2.41;5.78
R. Cooney;RB;1190;0.08;0.05;0.61;32.75;73.44;9;71.43;66.67;1.74;73.91;53.85;63.7;0.61;6.94
C. Jones;DMF;805;0;0.04;0;29.07;73.46;6.37;68.42;48.28;1.01;44.44;46.15;69.44;0.4;4.93
B. Horton;LB;827;0.22;0.04;0.11;21.98;64.36;5.99;50.91;35.71;1.74;37.5;20.51;56.41;0.28;8.33
L. Thompson;RCMF;503;0;0.01;0;24.51;81.02;3.76;71.43;62.5;3.76;61.9;50;55.81;0.32;8.06
J. Dixon;GK;2162;0;0;0;32.3;90.85;6.29;82.12;49.06;0;0;0;77.78;0.2;2.52
T. Bola;LWB;221;0;0;0;17.92;63.64;4.48;72.73;36.36;2.85;42.86;27.27;61.9;0;5.08
L. Gordon;LB;987;0.09;0.05;0.73;40.58;81.8;8.75;65.63;78.57;1.91;66.67;48.21;68.18;0.74;4.29
O. Afolayan;LAMF;2125;0.04;0.18;0.8;27.15;76.13;4.91;70.69;61.76;9.66;55.26;45.27;58.44;0.35;3.81
M. Williams;LCB;793;0;0.02;0.34;43.92;79.33;10.55;62.37;45.45;1.25;72.73;64.52;71.01;0.34;6.44
L. Offord;RCB;2092;0;0;0;47.97;82.06;11.23;68.58;63.39;0.77;55.56;38.6;68.37;0.25;8.94
J. Powell;AMF;892;0.1;0.22;0.5;26.33;76.63;3.73;89.19;61.9;4.84;43.75;43.4;54.88;0.13;3.35
R. Harper;RCMF;725;0;0;0;36.37;89.76;4.72;84.21;75.61;2.61;71.43;52;77.78;0.85;4.01
R. Tunnicliffe;RCMF;1242;0.29;0.03;0.36;40.22;82.16;6.45;80.9;70.53;0.8;63.64;34.78;59.42;1.6;4.9
A. MacDonald;RCMF;689;0.13;0.07;0.26;25.08;69.27;5.62;69.77;61.11;2.74;57.14;39.58;82.5;0.45;4.9
W. Jääskeläinen;GK;1193;0;0;0;15.62;89.37;4.07;85.19;62.96;0;0;100;25;0.11;2.14
B. Sass-Davies;CB;1031;0.09;0.04;0.17;39.37;82.04;9.25;63.21;54.1;0.17;50;58.33;66.04;0.56;7.57
T. Hamer;LB;2155;0.04;0.1;0.42;29.61;70.94;7.81;73.8;56.64;2.13;47.06;37.63;51.03;1.78;8.5
M. O'Riley;RCMF;2254;0.16;0.16;0.64;51.71;86.95;7.03;78.41;72.11;3.15;45.57;34.94;61.48;0.45;7.68
